<tool id="treescaper-community" name="TreeScaper-CommunityDetection" version="@TOOL_VERSION@">
    <description>Phylogenomic / Discover communities amongst the trees.</description>
    <macros>
        <import>treescaper_macros.xml</import>
    </macros>
    <command detect_errors="exit_code">
        <![CDATA[
            #set $linked_name = "dummy_link.dat"
            ln -s "${input_file}"  "${linked_name}" &&
            
            $__tool_directory__/CLVTreeScaper
                -comm
                -f  $linked_name
                -cm $cd_model
                #if $parameter_tuning.parameter_tuning_type == 'auto_tune'
                    -lm auto
                #end if
                #if $parameter_tuning.parameter_tuning_type == 'lambda_neg'
                    -lm manu
                    -ln $parameter_tuning.lambda_fix_neg
                    -lps $parameter_tuning.lambda_pos_start
                    -lpe $parameter_tuning.lambda_pos_end
                    -lpiv $parameter_tuning.lambda_pos_iv
                #end if
                #if $parameter_tuning.parameter_tuning_type == 'lambda_pos'
                    -lm manu
                    -lp $parameter_tuning.lambda_fix_pos
                    -lns $parameter_tuning.lambda_neg_start
                    -lne $parameter_tuning.lambda_neg_end
                    -lniv $parameter_tuning.lambda_neg_iv
                #end if
                -hf $freq_ul
                -lf $freq_ll
                -post cd_detect
        ]]>
    </command>
    <inputs>        
        <param name="input_file" argument="-f" type="data" format="cloudforest.affinity,cloudforest.covariance" label="Input file" />
        <param name="cd_model" argument="-cm" type="select" label="Model used to compute communities">
            <option value="CNM" selected="true">Configuration Null Model</option>
            <option value="CPM">Constant Potts Model</option>
            <option value="ERNM">Erdos-Rényi Null Model</option>
            <option value="NNM">No Null Model</option>
        </param>

        <conditional name="parameter_tuning">
            <param name="parameter_tuning_type" type="select" label="Choose Tuning Method">
                <option value="auto_tune" selected="true">Automatic Tuning</option>
                <option value="lambda_pos">Manual Tuning with Fixed λ+</option>
                <option value="lambda_neg">Manual Tuning with Fixed λ-</option>
            </param>
            <!-- Automatic tuning takes not special parameters: its automatic! -->

            <!-- Compute Communities with λ + Fixed:
                ./CLVTreeScaper -trees -f {trees.txt} -ft Trees -w {1,0} -r {1,0} -o Community -t
                {Affinity,Covariance} -cm {CNM,CPM,ERNM,NNM} -lm manu -lp {AnyNumber} -lns
                {AnyNumber} -lne {AnyNumber} -lniv {AnyNumber} -hf {0-1} -lf {0-1}

                Compute Communities with λ − Fixed:
                ./CLVTreeScaper -trees -f {trees.txt} -ft Trees -w {1,0} -r {1,0} -o Community -t
                {Affinity,Covariance} -cm {CNM,CPM,ERNM,NNM} -lm manu -ln {AnyNumber} -lps
                {AnyNumber} -lpe {AnyNumber} -lpiv {AnyNumber} -hf {0-1} -lf {0-1}
            -->

            <when value="lambda_pos">
               <param name="lambda_fix_pos" argument="-lp" type="float" value="0.1" label="Lambda Positive">
                <help>
                <![CDATA[
                    A number between 0 and 1
                ]]>
                </help>
               </param>
               <param name="lambda_neg_start" argument="-lns" type="float" value="0.0" label="-lns" />
               <param name="lambda_neg_end" argument="-lne" type="float" value="0.0" label="-lne" />
               <param name="lambda_neg_iv" argument="-lniv" type="float" value="0.0" lable="-lniv" />
            </when>
            <when value="lambda_neg">
                <param name="lambda_fix_neg" argument="-ln" type="float" value="0.1" label="Lambda Negative">
                 <help>
                 <![CDATA[
                     A number between 0 and 1
                 ]]>
                 </help>
                </param>
                <param name="lambda_pos_start" argument="-lps" type="float" value="0.0" label="-lps" />
                <param name="lambda_pos_end" argument="-lpe" type="float" value="0.0" label="-lpe" />
                <param name="lambda_pos_iv" argument="-lpiv" type="float" value="0.0" lable="-lpiv" />
             </when>
        </conditional>
        <param name="freq_ul" argument="-hf" type="float" value="0.9" label="Frequency upper bound">
            <help>
                <![CDATA[
             A number between 0 and 1.Nodes with frequencies above this value are ignored.
            ]]>
            </help>
        </param>
        <param name="freq_ll" argument="-lf" type="float" value="0.1" label="Frequency lower bound">
            <help>
                <![CDATA[
             A number between 0 and 1.Nodes with frequencies below this value are ignored.
            ]]>
            </help>
        </param>  
    </inputs>
    <outputs>
        <data name="cd_plateaus" format="cloudforest.cd" from_work_dir="CD_Plateaus_cd_detect.out" label="CD Plateaus from ${on_string}" />
        <data name="community_results" format="cloudforest.cd" from_work_dir="Community_cd_detect.out" label="CD Results from ${on_string}" />
    </outputs>
    <help>
        <![CDATA[
TreeScaper
==========

Quick tutorial for using TreeScaper.

Overview
--------

TreeScaper allows users to accomplish many different tasks, including (i) computing pairwise distances between trees with a variety of different metrics, (ii) projecting and visualizing trees in low dimensional Euclidean space, (iii) estimating the intrinsic dimensionality of the space formed by the tree set, (iv) computing the covariance matrix of bipartition presence/absence across trees, and (v) finding communities of bipartitions or trees using state-of-the-art community detection methods. Many of these functions are not available in any other software implementation of which we are aware.

Nonlinear Dimensionality Reduction
----------------------------------

NLDR seeks to find low dimensional representations of a set of high dimensional data. TreeScaper begins by computing pairwise tree distances between trees using one of several metrics, such as Robinson-Foulds (Robinson and Foulds 1981), matching (Bogdanowicz and Giaro 2012), or subtree prune and regraft (SPR) distances (following Whidden et al. 2010). NLDR then looks for low dimensional points {xi} in the Euclidean space that minimize the distortions of pairwise distances.

Community Detection Methods
---------------------------

A network has community structure if its nodes can be easily clustered into sets with dense, internal connections. In phylogenetic analysis, community structure can be used to identify distinct topological signals. TreeScaper uses two distinct network types to accomplish this: networks of trees or bipartitions. 
    ]]>
    </help>
    <citations>
        <citation type=" doi">10.1093/molbev/msw196</citation>
    </citations>
</tool>
