<?xml version="1.0" encoding="UTF-8"?>
<!DOCTYPE visualization SYSTEM "../../visualization.dtd">
<visualization name="CloudForest Visualizations">
    <data_sources>
        <data_source>
            <model_class>HistoryDatasetAssociation</model_class>            
            <test type="isinstance" test_attr="datatype" result_type="datatype">cloudforest.CloudForest</test>
            <to_param param_attr="id">dataset_id</to_param>
        </data_source>

        <data_source>
            <model_class>HistoryDatasetAssociation</model_class>            
            <test type="isinstance" test_attr="datatype" result_type="datatype">cloudforest.CloudForestCovariance</test>
            <to_param param_attr="id">dataset_id</to_param>
        </data_source>

        <data_source>
            <model_class>HistoryDatasetAssociation</model_class>            
            <test type="isinstance" test_attr="datatype" result_type="datatype">cloudforest.CloudForestTrees</test>
            <to_param param_attr="id">dataset_id</to_param>
        </data_source>

        <data_source>
            <model_class>HistoryDatasetAssociation</model_class>            
            <test type="isinstance" test_attr="datatype" result_type="datatype">cloudforest.CloudForestCoordinates</test>
            <to_param param_attr="id">dataset_id</to_param>
        </data_source>

        <data_source>
            <model_class>HistoryDatasetAssociation</model_class>            
            <test type="isinstance" test_attr="datatype" result_type="datatype">cloudforest.CloudForestCD</test>
            <to_param param_attr="id">dataset_id</to_param>
        </data_source>

        <data_source>
            <model_class>HistoryDatasetAssociation</model_class>
            <test type="isinstance" test_attr="datatype" result_type="datatype">Nexus</test>
            <to_param param_attr="id">dataset_id</to_param>
        </data_source>
    </data_sources>
    <params>
        <param type="dataset" var_name_in_template="hda" required="true">dataset_id</param>
    </params>
    <template>cloudforest.mako</template>
    <render_target>_blank</render_target>
</visualization>